List of Authors
===============
The following is a list of people who have contributed to DFHack, in
alphabetical order.

If you should be here and aren't, please get in touch on IRC or the forums,
or make a pull request!

======================= ======================= ===========================
Name                    Github                  Other
======================= ======================= ===========================
8Z                      8Z
acwatkins               acwatkins
Alexander Gavrilov      angavrilov              ag
Amostubal               Amostubal
AndreasPK               AndreasPK
Angus Mezick            amezick
Antalia                 tamarakorr
Anuradha Dissanayake    falconne
Atkana                  Atkana
AtomicChicken           AtomicChicken
Bearskie                Bearskie
belal                   jimhester
Ben Lubar               BenLubar
Ben Rosser              TC01
billw2012               billw2012
brndd                   brndd                   burneddi
Bumber                  Bumber64
Caldfir                 caldfir
Carter Bray             Qartar
Chris Dombroski         cdombroski
Clayton Hughes
Clément Vuchener        cvuchener
Dan Amlund              danamlund
Daniel Brooks           db48x
David Corbett           dscorbett
David Seguin            dseguin
David Timm              dtimm
Deon
DoctorVanGogh           DoctorVanGogh
Donald Ruegsegger       hashaash
doomchild               doomchild
enjia2000
Eric Wald               eswald
Erik Youngren           Artanis
Espen Wiborg
expwnent                expwnent
Feng
figment                 figment
gchristopher            gchristopher
grubsteak               grubsteak
Harlan Playford         playfordh
Hayati Ayguen           hayguen
IndigoFenix
James Logsdon           jlogsdon
Japa                    JapaMala
Jared Adams
Jim Lisi                stonetoad
jj                      jjyg                    jj``
John Beisley            huin
John Shade              gsvslto
Jonas Ask
Josh Cooper             cppcooper               coope
kane-t                  kane-t
Kelly Kinkade           ab9rf
KlonZK                  KlonZK
Kris Parker             kaypy
Kromtec                 Kromtec
Kurik Amudnil
Lethosor                lethosor
Mason11987              Mason11987
Matt Regul              mattregul
Matthew Cline
Matthew Lindner         mlindner
Max                     maxthyme                Max^TM
melkor217               melkor217
Meneth32
Meph
Michael Casadevall      NCommander
Michael Crouch          creidieki
Michon van Dooren       MaienM
miffedmap               miffedmap
Mike Stewart            thewonderidiot
Mikko Juola             Noeda                   Adeon
Milo Christiansen       milochristiansen
MithrilTuxedo           MithrilTuxedo
mizipzor                mizipzor
moversti                moversti
Neil Little             nmlittle
Nick Rart               nickrart                comestible
Nikolay Amiantov        abbradar
nocico                  nocico
Omniclasm
OwnageIsMagic           OwnageIsMagic
Patrik Lundell          PatrikLundell
Paul Fenwick            pjf
PeridexisErrant         PeridexisErrant
Petr Mrázek             peterix
Pfhreak                 Pfhreak
potato
Priit Laes              plaes
Putnam                  Putnam3145
Quietust                quietust                _Q
Raidau                  Raidau
Ramblurr                Ramblurr
rampaging-poet
Raoul van Putten
Raoul XQ                raoulxq
reverb
Rich Rauenzahn          rrauenza
Rinin                   Rinin
rndmvar                 rndmvar
Robert Heinrich         rh73
Robert Janetzko         robertjanetzko
RocheLimit
rofl0r                  rofl0r
root
Roses                   Pheosics
Ross M                  RossM
rout
rubybrowncoat           rubybrowncoat
Rumrusher               rumrusher
RusAnon                 RusAnon
sami
scamtank                scamtank
Sebastian Wolfertz      Enkrod
Seth Woodworth          sethwoodworth
simon
Simon Jackson           sizeak
stolencatkarma
Stoyan Gaydarov         sgayda2
suokko                  suokko                  shrieker
sv-esk                  sv-esk
Tacomagic
TheHologram             TheHologram
ThiagoLira              ThiagoLira
Tim Walberg             twalberg
Timothy Collett         danaris
Tom Jobbins             TheBloke
Tom Prince
TotallyGatsby           TotallyGatsby
Travis Hoppe            thoppe                  orthographic-pedant
txtsd                   txtsd
U-glouglou\\simon
Valentin Ochs           Cat-Ion
ViTuRaS                 ViTuRaS
Vjek
Warmist                 warmist
Wes Malone              wesQ3
Will Rogers             wjrogers
ZechyW                  ZechyW
Zhentar                 Zhentar
zilpin                  zilpin
======================= ======================= ===========================
